{"status":"success","message":"Tính toán thiết kế chi tiết máy thành công","data":{"ModuleA":{"z1":23,"z2":69,"p_mm":"38.1","strands":1,"x_links":128,"a_mm":1532.175540898511,"v_ms":3.2918435951875447,"s_safety":39.86505413926346,"sigma_H_MPa":0.34879492042129434,"Fr_N":2520.548063744591,"check_s_pass":true,"check_H_pass":true},"ModuleB":{"sigma_H_allow_MPa":454.5454545454545,"Re_mm":118.94153479525451,"b_mm":30,"m_e_mm":4.5,"z1_gear":16,"z2_gear":55,"d_m1_mm":63,"d_m2_mm":216.5625,"Ft1_N":817.9505932065659,"Fr1_N":285.80085560022815,"Fa1_N":83.14206708370274,"check_H_pass":true,"check_F_pass":true},"ModuleC":{"a_w_mm":180,"m_tc_mm":2,"z1_gear":37,"z2_gear":139,"b_w_mm":56.7,"d1_mm":74,"d2_mm":278,"Ft2_N":2283.318582234111,"Fr2_N":830.8897274202461,"Fa2_N":0,"check_H_pass":true,"check_F_pass":true},"ModuleD":{"trucI":{"d_sb_mm":20.604978172606643,"d_tc_mm":[20],"M_j_Nmm":[53166.788558426786],"F_rA":408.97529660328297,"F_rB":408.97529660328297,"s_fatigue":2.6477569782954946},"trucII":{"d_sb_mm":30.61134147481312,"d_tc_mm":[30],"M_j_Nmm":[167110.36908815042],"F_rA":1550.6345877203385,"F_rB":1550.6345877203385,"s_fatigue":2.8344173130106345},"trucIII":{"d_sb_mm":46.995936564861,"d_tc_mm":[50],"M_j_Nmm":[327758.5999276133],"F_rA":2401.933322989351,"F_rB":2401.933322989351,"s_fatigue":6.158303641706647}},"ModuleE":{"trucI":{"b":6,"h":6,"T_brc":3.5,"l_t_mm":25,"sigma_d_MPa":41.22470989761092,"tau_c_MPa":17.176962457337886,"check_key_pass":true},"trucII":{"b":8,"h":7,"T_brc":4,"l_t_mm":36,"sigma_d_MPa":52.149868853495136,"tau_c_MPa":19.556200820060674,"check_key_pass":true},"trucIII":{"b":14,"h":9,"T_brc":5.5,"l_t_mm":45,"sigma_d_MPa":77.63928175524134,"tau_c_MPa":19.409820438810335,"check_key_pass":true}},"ModuleF":{"trucI":{"bearing_code":"204","C_catalog_kN":"10","C_d_kN":7.618733838454566,"check_bearing_pass":true},"trucII":{"bearing_code":"306","C_catalog_kN":"22","C_d_kN":16.111776701439595,"check_bearing_pass":true},"trucIII":{"bearing_code":"210","C_catalog_kN":"27.5","C_d_kN":16.7627150062717,"check_bearing_pass":true}}}}